{
  "recepten": [
    {
      "title": "Classic Chocolate Brownie",
      "ingredients": [
        "chocolade",
        "boter",
        "bloem",
        "eieren",
        "suiker"
      ],
      "content": "Deze klassieke chocoladebrownies zijn rijk en fudgy. Perfect als dessert.",
      "image": "https://images.unsplash.com/photo-1601979031925-3cc8d39fef4b"
    },
    {
      "title": "Vegan Walnut Brownie",
      "ingredients": [
        "cacao",
        "noten",
        "kokosolie",
        "havermout",
        "dadels"
      ],
      "content": "Heerlijke vegan brownies met walnoten en natuurlijke zoetmakers.",
      "image": "https://images.unsplash.com/photo-1604909053042-18f8b71ec8d0"
    },
    {
      "title": "Peanut Butter Brownie",
      "ingredients": [
        "pindakaas",
        "chocolade",
        "eieren",
        "suiker",
        "bloem"
      ],
      "content": "Deze brownies combineren chocolade met een smeu\u00efge pindakaastwist.",
      "image": "https://images.unsplash.com/photo-1589308078056-f183ddf73a4b"
    }
  ]
}